<?xml version="1.0" encoding="UTF-8" ?>
<!DOCTYPE generatorConfiguration PUBLIC
        "-//mybatis.org//DTD MyBatis Generator Configuration 1.0//EN"
        "http://mybatis.org/dtd/mybatis-generator-config_1_0.dtd" >
<generatorConfiguration>

    <!-- !!!! Driver Class Path !!!! -->
    <classPathEntry location="D:\Users\haoyifen\.IntelliJIdea2016.1\config\jdbc-drivers\mysql-connector-java-5.1.35-bin.jar"/>


    <context id="context" targetRuntime="MyBatis3">
        <commentGenerator>
            <property name="suppressAllComments" value="true"/>
            <property name="suppressDate" value="true"/>
        </commentGenerator>

        <!-- !!!! Database Configurations !!!! -->
        <jdbcConnection driverClass="com.mysql.jdbc.Driver" connectionURL="jdbc:mysql://localhost:3306/iot" userId="root" password="199311"/>

        <javaTypeResolver>
            <property name="forceBigDecimals" value="false"/>
        </javaTypeResolver>

        <!-- !!!! Model Configurations !!!! -->
        <javaModelGenerator targetPackage="com.haoyifen.mySSMTemplate.pojo" targetProject="THIS_CONFIGURATION_IS_NOT_REQUIRED">
            <property name="enableSubPackages" value="false"/>
            <property name="trimStrings" value="true"/>
        </javaModelGenerator>

        <!-- !!!! Mapper XML Configurations !!!! -->
        <sqlMapGenerator targetPackage="com.haoyifen.mySSMTemplate.mappers" targetProject="THIS_CONFIGURATION_IS_NOT_REQUIRED">
            <property name="enableSubPackages" value="false"/>
        </sqlMapGenerator>

        <!-- !!!! Mapper Interface Configurations !!!! -->
        <javaClientGenerator targetPackage="com.haoyifen.mySSMTemplate.dao" targetProject="THIS_CONFIGURATION_IS_NOT_REQUIRED"
                             type="XMLMAPPER">
            <property name="enableSubPackages" value="false"/>
        </javaClientGenerator>

        <!-- !!!! Table Configurations !!!! -->
        <table tableName="user" enableCountByExample="false" enableDeleteByExample="false"
               enableSelectByExample="false"
               enableUpdateByExample="false"/>
    </context>
</generatorConfiguration>