<?xml version="1.0" encoding="UTF-8"?>
<beans xmlns="http://www.springframework.org/schema/beans"
       xmlns:xsi="http://www.w3.org/2001/XMLSchema-instance"
       xmlns:context="http://www.springframework.org/schema/context"
       xmlns:mvc="http://www.springframework.org/schema/mvc"
       xmlns:aop="http://www.springframework.org/schema/aop"
       xmlns:tx="http://www.springframework.org/schema/tx"
       xsi:schemaLocation="http://www.springframework.org/schema/beans
                        http://www.springframework.org/schema/beans/spring-beans-3.1.xsd
                        http://www.springframework.org/schema/context
                        http://www.springframework.org/schema/context/spring-context-3.1.xsd http://www.springframework.org/schema/mvc http://www.springframework.org/schema/mvc/spring-mvc.xsd http://www.springframework.org/schema/aop http://www.springframework.org/schema/aop/spring-aop.xsd http://www.springframework.org/schema/tx http://www.springframework.org/schema/tx/spring-tx.xsd">

    <!-- 自动扫描 ,忽略@Controller注解的类-->
    <context:component-scan base-package="com.haoyifen.mySSMTemplate">
        <context:exclude-filter type="annotation" expression="org.springframework.stereotype.Controller"></context:exclude-filter>
    </context:component-scan>

    <bean id="propertyConfigurer"
          class="org.springframework.beans.factory.config.PropertyPlaceholderConfigurer">
        <property name="location" value="classpath:jdbc.properties"></property>
    </bean>

    <bean id="dataSource" class="org.apache.commons.dbcp.BasicDataSource" destroy-method="close">
        <property name="driverClassName" value="${jdbc.driver}"></property>
        <property name="url" value="${jdbc.url}"></property>
        <property name="username" value="${jdbc.username}"></property>
        <property name="password" value="${jdbc.password}"></property>
        <!--初始连接数-->
        <property name="initialSize" value="${jdbc.initialSize}"></property>
        <!--连接池最大连接数-->
        <property name="maxActive" value="${jdbc.maxActive}"></property>
        <!-- 连接池最大空闲 -->
        <property name="maxIdle" value="${jdbc.maxIdle}"></property>
        <!-- 连接池最小空闲 -->
        <property name="minIdle" value="${jdbc.minIdle}"></property>
        <!-- 获取连接最大等待时间 -->
        <property name="maxWait" value="${jdbc.maxWait}"></property>
    </bean>

    <!--spring与MyBatis结合，不需要mybatis配置映射文件-->
    <bean id="sqlSessionFactory" class="org.mybatis.spring.SqlSessionFactoryBean">
        <property name="dataSource" ref="dataSource"></property>
        <!--自动扫描mapping.xml-->
        <property name="mapperLocations" value="classpath:com/haoyifen/mySSMTemplate/mappers/*.xml"></property>
    </bean>

    <!-- DAO接口所在包名，Spring会自动查找其下的类 -->
    <bean class="org.mybatis.spring.mapper.MapperScannerConfigurer">
        <property name="basePackage" value="com.haoyifen.mySSMTemplate.dao"></property>
        <property name="sqlSessionFactoryBeanName" value="sqlSessionFactory"></property>
    </bean>

    <!-- (事务管理)transaction manager, use JtaTransactionManager for global tx -->
    <bean id="transactionManger" class="org.springframework.jdbc.datasource.DataSourceTransactionManager">
        <property name="dataSource" ref="dataSource"></property>
    </bean>

    <tx:advice id="interceptor" transaction-manager="transactionManger">
        <tx:attributes>
            <tx:method name="get*"  propagation="REQUIRED"/>
        </tx:attributes>
    </tx:advice>

    <aop:config proxy-target-class="true">
        <aop:pointcut id="serviceMethod" expression="execution(* com.haoyifen.mySSMTemplate.service..*(..))" ></aop:pointcut>
        <aop:advisor advice-ref="interceptor" pointcut-ref="serviceMethod"></aop:advisor>
    </aop:config>

</beans>

