<beans xmlns="http://www.springframework.org/schema/beans"
       xmlns:xsi="http://www.w3.org/2001/XMLSchema-instance"
       xmlns:context="http://www.springframework.org/schema/context" xmlns:mvc="http://www.springframework.org/schema/mvc"
       xsi:schemaLocation="http://www.springframework.org/schema/beans
                        http://www.springframework.org/schema/beans/spring-beans-3.1.xsd
                        http://www.springframework.org/schema/context
                        http://www.springframework.org/schema/context/spring-context-3.1.xsd http://www.springframework.org/schema/mvc http://www.springframework.org/schema/mvc/spring-mvc.xsd">

    <!--Spring推荐使用自动注入requestHandler-->
    <mvc:annotation-driven></mvc:annotation-driven>

    <!--对于没有mapping的请求，使用容器的DefaultServlet，也可以使用mvc:resources-->
    <!--<mvc:default-servlet-handler/>-->

    <!--自动扫描该包，使spring-mvc认为用@controller注解的类为控制器-->
    <context:component-scan base-package="com.haoyifen.mySSMTemplate.controller">
    </context:component-scan>

    <!--&lt;!&ndash;避免IE执行AJAX时，返回JSON出现下载文件 &ndash;&gt;-->
    <!--<bean id="mappingJacksonHttpMessageConverter"-->
          <!--class="org.springframework.http.converter.json.MappingJackson2HttpMessageConverter">-->
        <!--<property name="supportedMediaTypes">-->
            <!--<list>-->
                <!--<value>text/html;charset=UTF-8</value>-->
            <!--</list>-->
        <!--</property>-->
    <!--</bean>-->


    <!--定义跳转文件的前后缀，视图模式配置-->
    <bean class="org.springframework.web.servlet.view.InternalResourceViewResolver">
        <property name="prefix" value="/WEB-INF/jsp/"></property>
        <property name="suffix" value=".jsp"></property>
    </bean>
    <!--&lt;!&ndash; 配置文件上传，如果没有使用文件上传可以不用配置，当然如果不配，那么配置文件中也不必引入上传组件包 &ndash;&gt;-->
    <!--<bean id="multipartResolver" class="org.springframework.web.multipart.commons.CommonsMultipartResolver">-->
        <!--<property name="defaultEncoding" value="uft-8"></property>-->
        <!--<property name="maxUploadSize" value="10485760000"></property>-->
        <!--<property name="maxInMemorySize" value="40960"></property>-->
    <!--</bean>-->

    <!--静态资源配置-->
    <mvc:resources mapping="/js/**" location="/WEB-INF/js/" cache-period="31556926"></mvc:resources>
    <mvc:resources mapping="/css/**" location="/WEB-INF/css/" cache-period="31556926"></mvc:resources>
    <mvc:resources mapping="/img/**" location="/WEB-INF/img/" cache-period="31556926"></mvc:resources>
</beans>